ds,y
1769987062.1054547,66
1769987062.1067314,2962
1769987062.1071718,66
1769987062.1071768,2962
1769987062.125085,66
1769987062.1255922,66
1769987062.1276093,66
1769987062.1276104,2962
1769987062.1276493,2962
1769987062.145929,66
1769987062.1459785,66
1769987062.1459281,1514
1769987062.1474154,2962
1769987062.1552103,2962
1769987062.1656291,66
1769987062.1690102,2962
1769987062.174459,2962
1769987062.1853662,74
1769987062.1858208,2962
1769987062.1939666,66
1769987062.194124,66
1769987062.1955407,2962
1769987062.2057872,1514
1769987062.2137728,66
1769987062.2147398,66
1769987062.2147381,66
1769987062.2147388,2962
1769987062.2157302,2962
1769987062.2341056,2962
1769987062.234299,66
1769987062.2353017,2962
1769987062.255797,2962
1769987062.2557943,66
1769987062.2558558,1514
1769987062.2727206,2962
1769987062.2732043,66
1769987062.2739413,66
1769987062.2745624,1514
1769987062.2832386,2962
1769987062.283727,66
1769987062.284253,2962
1769987062.9550521,66
1769987062.9553642,66
1769987062.955366,2962
1769987062.9550285,66
1769987062.9550512,2962
1769987062.9714196,66
1769987062.9714537,66
1769987062.9714544,66
1769987062.971455,1514
1769987062.9714186,2962
1769987062.9815288,2962
1769987062.992069,2962
1769987062.9960544,66
1769987062.9960554,66
1769987062.9960563,2962
1769987063.0042613,66
1769987063.0042665,66
1769987063.0042672,66
1769987063.004268,66
1769987063.0050685,66
1769987063.0054913,2962
1769987063.0229287,2962
1769987063.0331726,66
1769987063.0334566,2962
1769987063.0347784,2962
1769987063.0441093,66
1769987063.044522,66
1769987063.0450385,2962
1769987063.0541773,66
1769987063.0541985,66
1769987063.0551558,66
1769987063.0551622,2962
1769987063.9571948,2962
1769987063.9571915,66
1769987063.9586458,2962
1769987063.968854,2962
1769987063.96886,66
1769987063.9688823,66
1769987063.9688828,2962
1769987064.9579442,66
1769987064.9581475,2962
1769987064.9578712,66
1769987064.957908,66
1769987064.9579463,66
1769987064.958149,2962
1769987064.9675896,2962
1769987064.9683616,74
1769987064.9689488,1514
1769987064.9784224,2962
1769987064.9872043,2962
1769987064.9975638,66
1769987064.9985273,66
1769987064.9985285,66
1769987065.0009375,74
1769987065.0061367,66
1769987065.0061717,2962
1769987065.0064642,52
1769987065.007502,66
1769987065.007514,66
1769987065.0075157,66
1769987065.0080867,66
1769987065.0087965,74
1769987065.0090094,2962
1769987065.0186272,2962
1769987065.0290158,2962
1769987065.0421157,2962
1769987065.04794,1514
1769987065.0580788,2962
1769987065.0580845,2962
1769987065.0768428,2962
1769987065.076846,74
1769987065.0768485,66
1769987065.0771673,66
1769987065.0776012,2962
1769987065.0961447,66
1769987065.0961504,74
1769987065.0970645,66
1769987065.097074,2962
1769987065.0970676,66
1769987065.0973015,66
1769987065.0976608,2962
1769987065.1168203,66
1769987065.116829,2962
1769987065.1170876,2962
1769987065.1365194,66
1769987065.136526,1514
1769987065.1365237,2962
1769987065.1458585,2962
1769987065.1553833,66
1769987065.1561446,74
1769987065.1563082,66
1769987065.1568196,2962
1769987065.1653523,2962
1769987065.176059,2266
1769987065.1854303,66
1769987065.1854405,66
1769987065.1854413,52
1769987065.1854422,66
1769987065.1894548,66
1769987065.1894686,74
1769987065.1894693,74
1769987065.1894698,66
1769987065.1894708,2962
1769987065.191514,66
1769987065.191515,66
1769987065.191719,66
1769987065.1922946,2962
1769987065.2073295,74
1769987065.2074473,2962
1769987065.2115772,1514
1769987065.2217357,2962
1769987065.2271829,66
1769987065.2272236,2962
1769987065.240238,66
1769987065.2406352,1514
1769987065.24704,2962
1769987065.2502642,2962
1769987065.2681608,2962
1769987065.270755,74
1769987065.2707694,74
1769987065.2707708,66
1769987065.270772,54
1769987065.271428,66
1769987065.2722569,2962
1769987065.2879164,74
1769987065.288035,66
1769987065.2880373,2962
1769987065.2908883,2962
1769987065.3052855,66
1769987065.3053336,2962
1769987065.310021,66
1769987065.3108728,66
1769987065.3108735,66
1769987065.3115773,54
1769987065.3115783,66
1769987065.312124,66
1769987065.3245046,66
1769987065.3245971,2962
1769987065.325144,2962
1769987065.333827,66
1769987065.3401637,2962
1769987065.3451917,66
1769987065.3452039,66
1769987065.3452058,2962
1769987065.353806,66
1769987065.3644915,66
1769987065.3645995,2962
1769987065.364775,66
1769987065.3653822,66
1769987065.3655658,66
1769987065.3661375,2962
1769987065.3737774,66
1769987065.3741584,2962
1769987065.385372,2962
1769987065.3943245,66
1769987065.3943257,66
1769987065.4047608,2962
1769987065.4048548,66
1769987065.4061348,2962
1769987065.4244118,2962
1769987065.4244397,66
1769987065.4388523,2962
1769987065.444497,66
1769987065.4445305,2962
1769987065.4480314,2962
1769987065.4701905,66
1769987065.4702005,66
1769987065.4702015,2962
1769987065.4702697,66
1769987065.470276,1514
1769987065.4806225,2962
1769987065.4906049,66
1769987065.4906468,66
1769987065.4906476,66
1769987065.490648,66
1769987065.4906483,66
1769987065.490649,1514
1769987065.5009859,2962
1769987065.5010104,1514
1769987065.5112672,1514
1769987065.5138402,2962
1769987065.521541,66
1769987065.521542,2962
1769987065.5328217,2962
1769987065.5421925,66
1769987065.5422225,66
1769987065.542223,66
1769987065.5422235,66
1769987065.5422237,66
1769987065.5526855,66
1769987065.552744,2962
1769987065.5528536,2962
1769987065.5628958,66
1769987065.5837228,2962
1769987065.5838926,66
1769987065.584189,2962
1769987065.593854,2962
1769987065.593855,2962
1769987065.6144068,2962
1769987065.6144085,66
1769987065.614505,66
1769987065.6146219,2962
1769987065.635256,66
1769987065.6352797,2962
1769987065.6352596,2962
1769987065.6666553,66
1769987065.6667373,66
1769987065.6667383,2962
1769987065.6666594,2962
1769987065.676757,66
1769987065.6767561,2962
1769987065.6772828,66
1769987065.6778886,2962
1769987065.957841,1514
1769987065.9578707,1514
1769987065.95784,66
1769987065.9578693,1514
1769987065.95787,2962
1769987065.9755847,2962
1769987065.9770422,2962
1769987065.9868212,2962
1769987065.9964986,66
1769987065.9973133,66
1769987065.9973142,66
1769987065.9979327,66
1769987065.997937,74
1769987065.9986537,66
1769987065.9990969,66
1769987066.0042312,1514
1769987066.0064442,66
1769987066.0064702,66
1769987066.006471,66
1769987066.006786,2962
1769987066.0088744,2962
1769987066.0262487,66
1769987066.0264168,2962
1769987066.0290668,2962
1769987066.0477939,2962
1769987066.0478256,2962
1769987066.9635842,2962
1769987066.9635956,66
1769987066.9637852,66
1769987066.9637861,2962
1769987066.9727995,2962
1769987066.973617,66
1769987066.974498,66
1769987066.9745173,2962
1769987066.9923196,66
1769987066.992378,66
1769987066.9930952,2962
1769987066.9938211,66
1769987066.9943836,2962
1769987067.0120633,66
1769987067.0124664,66
1769987067.0130303,66
1769987067.0134277,66
1769987067.013452,74
1769987067.0139325,2962
1769987067.0139608,66
1769987067.014309,2962
1769987067.0330074,2962
1769987067.034192,2962
1769987067.052391,66
1769987067.052808,66
1769987067.0528324,66
1769987067.053018,66
1769987067.0532713,1514
1769987067.054018,2962
1769987067.0641382,66
1769987067.0641525,66
1769987067.0744865,2962
1769987067.074771,66
1769987067.086661,2962
1769987067.092497,66
1769987067.0925043,2962
1769987067.0962076,66
1769987067.1003754,2962
1769987067.1125376,74
1769987067.1125817,66
1769987067.1125827,2962
1769987067.115588,54
1769987067.1160913,66
1769987067.1164026,74
1769987067.1319954,2962
1769987067.132051,66
1769987067.152367,2962
1769987067.1523883,66
1769987067.1713383,66
1769987067.1713629,66
1769987067.1713653,2962
1769987067.1714106,66
1769987067.19045,66
1769987067.1908412,66
1769987067.193455,2962
1769987067.1935515,66
1769987067.211143,66
1769987067.2111602,2962
1769987067.2111905,66
1769987067.220524,2962
1769987067.230774,2962
1769987067.2307713,2962
1769987067.2518153,66
1769987067.251832,74
1769987067.2518334,74
1769987067.2518349,66
1769987067.2518358,52
1769987067.251838,2962
1769987067.251812,66
1769987067.251946,54
1769987067.25195,54
1769987067.251977,66
1769987067.2708702,66
1769987067.2709222,66
1769987067.271078,2962
1769987067.271085,66
1769987067.2910705,2962
1769987067.2910912,66
1769987067.309804,1514
1769987067.3098364,66
1769987067.3193772,2962
1769987067.319429,66
1769987067.3408034,1514
1769987067.3408747,66
1769987067.3612509,2962
1769987067.3615313,66
1769987067.3707857,66
1769987067.3709054,66
1769987067.3766136,2962
1769987067.3767447,66
1769987067.9635005,2962
1769987067.9640272,66
1769987067.978653,66
1769987067.9798067,66
1769987067.9798312,2962
1769987067.9798622,1514
1769987067.9798672,66
1769987067.9954233,2962
1769987067.9954698,66
1769987068.0028923,74
1769987068.0120137,2962
1769987068.0120475,66
1769987068.0311852,74
1769987068.0312307,74
1769987068.0320585,2962
1769987068.0320935,66
1769987068.051308,2962
1769987068.0514755,66
1769987068.070482,66
1769987068.070743,2962
1769987068.0707705,66
1769987068.0905566,2962
1769987068.090673,66
1769987068.1106093,66
1769987068.11072,2962
1769987068.1107676,66
1769987068.130176,2962
1769987068.130652,66
1769987068.1375544,74
1769987068.148107,2962
1769987068.148173,66
1769987068.1699927,2962
1769987068.1700726,66
1769987068.1867838,74
1769987068.18687,2962
1769987068.1869123,66
1769987068.1869195,66
1769987068.1874862,2962
1769987068.1973214,2962
1769987068.2083516,2962
1769987068.21628,66
1769987068.2253919,66
1769987068.2269673,66
1769987068.226999,2962
1769987068.2270114,66
1769987068.2465737,1514
1769987068.2467375,66
1769987068.2559402,74
1769987068.256174,2962
1769987068.2562253,66
1769987068.2562368,66
1769987068.2568395,2962
1769987068.2666733,2962
1769987068.275179,2962
1769987068.2860324,2962
1769987068.2941961,66
1769987068.29535,1514
1769987068.3051379,1514
1769987068.3052514,66
1769987068.3052537,66
1769987068.3062015,66
1769987068.3139124,2962
1769987068.3140473,66
1769987068.3140585,2962
1769987068.326484,2962
1769987068.3342004,2962
1769987068.3453043,2962
1769987068.353529,2962
1769987068.364556,2962
1769987068.3716698,2962
1769987068.384259,66
1769987068.3843505,66
1769987068.384352,66
1769987068.3919442,2962
1769987068.391963,66
1769987068.4103744,1514
1769987068.4104042,66
1769987068.4202423,2962
1769987068.4204051,66
1769987068.4395795,1514
1769987068.4396195,66
1769987068.4538093,2962
1769987068.453844,66
1769987068.4549613,2962
1769987068.4679143,2962
1769987068.4679823,66
1769987068.4876459,2962
1769987068.4877377,66
1769987068.5084145,66
1769987068.5084593,66
1769987068.5084605,2962
1769987068.5085058,66
1769987068.508509,66
1769987068.5265157,2962
1769987068.5265741,66
1769987068.5462499,2962
1769987068.546281,66
1769987068.5650892,66
1769987068.5652354,66
1769987068.5653749,2962
1769987068.565653,2962
1769987068.5750108,2962
1769987068.5859592,66
1769987068.5859783,2962
1769987068.5940022,66
1769987068.5950336,2962
1769987068.6052277,2962
1769987068.6136427,2962
1769987068.6239576,2962
1769987068.6333272,66
1769987068.633328,2962
1769987068.6433303,2962
1769987068.6528616,66
1769987068.6528637,2962
1769987068.6621609,66
1769987068.6631994,66
1769987068.663228,74
1769987068.6738422,1514
1769987068.6738467,2962
1769987068.6739151,66
1769987068.673916,66
1769987068.6739166,1514
1769987068.6839395,2962
1769987068.694247,2962
1769987068.7252202,66
1769987068.7252283,66
1769987068.7252295,2962
1769987068.7252173,66
1769987068.725226,66
1769987068.7252264,66
1769987068.7252269,66
1769987068.7252629,2962
1769987068.7458584,2962
1769987068.7458603,2962
1769987068.7560787,1514
1769987068.7560802,66
1769987068.756087,66
1769987068.7560875,2962
1769987068.7663503,2962
1769987068.7767756,2962
1769987068.7868636,2962
1769987068.7971182,66
1769987068.7971334,66
1769987068.7971337,66
1769987068.8076,2962
1769987068.807695,66
1769987068.828076,2962
1769987068.8282242,66
1769987068.859015,66
1769987068.8590577,2962
1769987068.859078,2962
1769987068.869267,66
1769987068.8692763,66
1769987068.8692648,66
1769987068.869351,2962
1769987068.8702765,66
1769987068.870347,2962
1769987068.8899844,66
1769987068.8899925,2962
1769987068.8899834,2962
1769987068.9105217,2962
1769987068.9105208,2962
1769987068.931507,66
1769987068.9315302,2962
1769987068.931503,66
1769987068.9315255,2962
1769987068.952199,2962
1769987068.9521956,66
1769987068.9523199,66
1769987068.9523206,2962
1769987068.9729705,66
1769987068.9730108,66
1769987068.9730115,66
1769987068.9730124,2962
1769987068.9729686,66
1769987068.97301,66
1769987068.9730332,1514
1769987068.983546,2962
1769987069.9638827,66
1769987069.9643466,2962
1769987069.9638698,2962
1769987069.9757202,66
1769987069.9757423,2962
1769987069.9757195,66
1769987069.9757416,2962
1769987070.963075,2962
1769987070.963073,66
1769987070.9647825,2962
1769987070.972248,2962
1769987070.973934,66
1769987070.9745266,66
1769987070.975257,66
1769987070.981217,2962
1769987070.9914727,2962
1769987070.9957922,1514
1769987071.0046372,2962
1769987071.0109193,66
1769987071.0111058,66
1769987071.0122955,2962
1769987071.0233598,66
1769987071.0236714,2962
1769987071.0309398,2962
1769987071.0432599,66
1769987071.0437157,66
1769987071.0438516,2962
1769987071.0514839,2962
1769987071.0647216,66
1769987071.064724,2962
1769987071.0692878,2962
1769987071.0839598,2962
1769987071.0889208,66
1769987071.0889792,66
1769987071.0899942,66
1769987071.090049,66
1769987071.0902612,2962
1769987071.1027021,66
1769987071.1028187,1514
1769987071.109535,74
1769987071.1105444,2962
1769987071.1124814,2962
1769987071.1295629,1514
1769987071.132022,66
1769987071.1320775,74
1769987071.132079,66
1769987071.132633,66
1769987071.139755,2962
1769987071.1397743,66
1769987071.1441672,2962
1769987071.1588254,2962
1769987071.1588771,66
1769987071.1691308,2962
1769987071.1772149,66
1769987071.1778615,2962
1769987071.1783776,2962
1769987071.1973348,66
1769987071.197468,66
1769987071.1981115,52
1769987071.198113,66
1769987071.198109,2962
1769987071.1986225,66
1769987071.1991167,2962
1769987071.2173889,2962
1769987071.2182236,74
1769987071.2190657,1514
1769987071.2283385,66
1769987071.2287214,66
1769987071.2293835,66
1769987071.2296202,2962
1769987071.9624054,2962
1769987071.962397,66
1769987071.9624622,2962
1769987072.9644454,2962
1769987072.964369,66
1769987072.9644475,74
1769987072.9645927,2962
1769987072.974144,74
1769987072.9745536,74
1769987072.9745584,2962
1769987072.9745626,66
1769987072.974968,66
1769987072.975966,66
1769987072.975967,74
1769987072.9762895,74
1769987072.9766762,66
1769987072.9770386,74
1769987072.977707,74
1769987072.9814787,74
1769987072.98148,66
1769987072.985363,2962
1769987072.9938226,1514
1769987072.998571,2962
1769987073.0039978,2962
1769987073.0174892,1514
1769987073.0232441,2962
1769987073.0277593,2962
1769987073.042335,66
1769987073.0423436,66
1769987073.0433607,2962
1769987073.0467982,66
1769987073.0467994,2962
1769987073.0623214,2962
1769987073.0664797,74
1769987073.0664847,66
1769987073.067131,66
1769987073.0671346,2962
1769987073.0821161,66
1769987073.0821204,66
1769987073.0821216,66
1769987073.0832033,2962
1769987073.087106,66
1769987073.0871074,66
1769987073.0909007,2962
1769987073.1021023,2962
1769987073.106796,2962
1769987073.1248758,2962
1769987073.1256993,66
1769987073.1261425,66
1769987073.1265624,2962
1769987073.141521,2962
1769987073.1459575,66
1769987073.1463962,66
1769987073.155172,2962
1769987073.159654,66
1769987073.1598294,66
1769987073.1605098,74
1769987073.1611187,1514
1769987073.1662743,2962
1769987073.17215,2962
1769987073.1875985,74
1769987073.1875997,66
1769987073.1876006,66
1769987073.1882513,1514
1769987073.1900866,66
1769987073.190089,66
1769987073.1908684,66
1769987073.1908703,66
1769987073.1914911,66
1769987073.1925302,2962
1769987073.1961613,2962
1769987073.218493,66
1769987073.2185082,2962
1769987073.218499,2962
1769987073.2308207,2962
1769987073.2348328,2962
1769987073.2499201,2962
1769987073.2540572,66
1769987073.2544663,1514
1769987073.2650294,2962
1769987073.2691767,66
1769987073.269523,74
1769987073.2701273,52
1769987073.2705414,66
1769987073.2709355,2962
1769987073.283845,66
1769987073.2838457,66
1769987073.2838469,66
1769987073.2846,2962
1769987073.2913387,2962
1769987073.3036726,2962
1769987073.310754,54
1769987073.3107934,74
1769987073.3107944,66
1769987073.3108075,66
1769987073.3108084,1514
1769987073.320651,74
1769987073.3224509,2962
1769987073.3233147,74
1769987073.3233154,66
1769987073.3237252,2962
1769987073.3538868,66
1769987073.3539186,54
1769987073.3539193,54
1769987073.35392,66
1769987073.353921,2962
1769987073.3538907,66
1769987073.3539345,2962
1769987073.364395,54
1769987073.3644004,66
1769987073.364401,74
1769987073.972546,54
1769987073.973345,2962
1769987073.972554,66
1769987073.9733474,2266
1769987073.9781067,66
1769987073.9785967,66
1769987073.9825187,2962
1769987073.982529,66
1769987074.9498584,74
1769987074.9501257,2962
1769987074.9501426,66
1769987074.9500237,74
1769987074.9500282,74
1769987074.9542263,74
1769987074.957092,2962
1769987074.9622474,66
1769987074.9622784,74
1769987074.9622788,66
1769987074.9622803,54
1769987074.9622808,66
1769987074.962282,66
1769987074.9622824,74
1769987074.962283,66
1769987074.96326,1514
1769987074.9761813,2962
1769987074.9761763,2962
1769987074.9857895,54
1769987074.98579,54
1769987074.9862933,66
1769987074.9866972,66
1769987074.991544,2962
1769987074.991582,66
1769987074.9989328,2962
1769987075.0111086,66
1769987075.0111136,2962
1769987075.011135,66
1769987075.030426,66
1769987075.032168,66
1769987075.032169,2962
1769987075.032373,66
1769987075.0509555,2962
1769987075.0514066,66
1769987075.0714345,54
1769987075.0715108,1514
1769987075.0715327,66
1769987075.0796583,1514
1769987075.079664,2962
1769987075.0801535,74
1769987075.0801551,2962
1769987075.1002982,66
1769987075.1003623,2962
1769987075.1002944,2962
1769987075.1208959,2962
1769987075.1208909,74
1769987075.1208923,66
1769987075.1208932,66
1769987075.1210432,66
1769987075.126882,2962
1769987075.1394968,66
1769987075.1395004,66
1769987075.1395018,66
1769987075.140241,2962
1769987075.14025,2962
1769987075.1580105,66
1769987075.1614163,1514
1769987075.1614776,66
1769987075.1687555,2962
1769987075.1689444,66
1769987075.1876996,66
1769987075.1887145,2962
1769987075.188787,66
1769987075.193941,2962
1769987075.2032542,2962
1769987075.2078512,54
1769987075.2078576,66
1769987075.2080722,2962
1769987075.22263,66
1769987075.2278533,66
1769987075.2278614,66
1769987075.2288275,66
1769987075.228836,2962
1769987075.2288532,66
1769987075.2356253,2962
1769987075.2484725,66
1769987075.2484763,2962
1769987075.2485452,1514
1769987075.2549875,66
1769987075.2693868,74
1769987075.2694638,66
1769987075.2694652,74
1769987075.2694662,66
1769987075.2694676,54
1769987075.2695918,54
1769987075.269749,74
1769987075.2697551,66
1769987075.2698598,74
1769987075.2699115,66
1769987075.2700775,2962
1769987075.27027,52
1769987075.2705452,2962
1769987075.2808137,2962
1769987075.2897532,2962
1769987075.3003547,2962
1769987075.3091617,74
1769987075.3094273,74
1769987075.3115187,74
1769987075.3115578,2962
1769987075.3189824,66
1769987075.3193617,66
1769987075.3198066,2962
1769987075.3393328,74
1769987075.3396692,2962
1769987075.3396847,54
1769987075.339972,74
1769987075.340583,66
1769987075.3405871,66
1769987075.3483534,2962
1769987075.3489645,66
1769987075.3495915,54
1769987075.3495963,2962
1769987075.3603728,66
1769987075.368784,74
1769987075.3688385,54
1769987075.3698545,54
1769987075.369917,66
1769987075.3701632,2962
1769987075.3702753,66
1769987075.390059,2962
1769987075.390188,66
1769987075.4092598,66
1769987075.4093359,66
1769987075.4093375,66
1769987075.4098508,2962
1769987075.4098642,66
1769987075.9658086,2962
1769987075.9658723,66
1769987075.9673405,66
1769987075.976097,66
1769987075.9761853,66
1769987075.976187,2962
1769987075.9762237,66
1769987076.0100963,1514
1769987076.0101264,2962
1769987076.0101311,66
1769987076.0204153,1514
1769987076.0204363,66
1769987076.0309165,2962
1769987076.03103,66
1769987076.0515559,1514
1769987076.0516226,66
1769987076.0583537,2962
1769987076.059312,66
1769987076.9661174,74
1769987076.9662724,66
1769987076.9672573,66
1769987076.9672592,66
1769987076.96726,66
1769987076.967261,2962
1769987076.966259,66
1769987076.9673197,2962
1769987076.9766066,66
1769987076.9778512,74
1769987076.9779782,74
1769987076.978796,66
1769987076.9788258,2962
1769987076.9788346,2962
1769987076.996577,2962
1769987076.9984317,66
1769987076.9984553,2962
1769987077.0161066,66
1769987077.016448,74
1769987077.0167139,1514
1769987077.0176823,2962
1769987077.0263877,2962
1769987077.0366912,66
1769987077.0371282,66
1769987077.037606,66
1769987077.0386376,66
1769987077.0386746,66
1769987077.0387905,66
1769987077.039593,2962
1769987077.0456822,66
1769987077.0463772,2962
1769987077.0587213,2962
1769987077.065654,66
1769987077.0656548,1514
1769987077.0759654,2962
1769987077.0779603,2962
1769987077.0949903,66
1769987077.094992,66
1769987077.0956018,2962
1769987077.0977192,2962
1769987077.1149035,66
1769987077.1152098,66
1769987077.1162782,66
1769987077.1169434,66
1769987077.1171212,1514
1769987077.1171536,66
1769987077.1186435,2962
1769987077.1268654,66
1769987077.1270497,2962
1769987077.135612,66
1769987077.1474285,2962
1769987077.1474829,66
1769987077.165585,66
1769987077.1657374,2962
1769987077.165951,66
1769987077.1665847,54
1769987077.1680493,66
1769987077.1680613,1514
1769987077.1754172,1514
1769987077.1768544,1514
1769987077.1890137,2962
1769987077.189011,66
1769987077.1890965,66
1769987077.189097,66
1769987077.1891203,66
1769987077.2057445,2962
1769987077.2057788,66
1769987077.2258673,2962
1769987077.2259157,66
1769987077.2449756,66
1769987077.2450583,66
1769987077.24506,74
1769987077.2452517,54
1769987077.2452912,2962
1769987077.2455766,2962
1769987077.254854,2962
1769987077.2654266,1514
1769987077.2744186,2962
1769987077.2743714,74
1769987077.2746866,66
1769987077.275045,66
1769987077.2945685,66
1769987077.2946835,52
1769987077.2946858,2962
1769987077.2947137,2962
1769987077.3042533,2962
1769987077.3139744,2962
1769987077.3233984,66
1769987077.3236854,66
1769987077.3340423,66
1769987077.3340464,2962
1769987077.3341384,66
1769987077.3539793,2962
1769987077.354014,66
1769987077.3716507,2962
1769987077.3716733,66
1769987077.391222,2962
1769987077.3914921,66
1769987077.4104033,66
1769987077.4104624,2962
1769987077.4110403,66
1769987077.411043,66
1769987077.4122334,66
1769987077.4122431,66
1769987077.4122448,2962
1769987077.4196515,2962
1769987077.967432,2962
1769987077.9675102,2962
1769987077.979945,1514
1769987077.9800093,66
1769987077.9800265,66
1769987077.9800274,2962
1769987078.9694402,2962
1769987078.969338,2962
1769987078.983734,66
1769987078.9837358,1514
1769987078.9837437,66
1769987078.9837444,74
1769987078.9837446,66
1769987078.9837449,78
1769987078.9837546,2962
1769987079.964705,74
1769987079.9652193,74
1769987079.9652212,66
1769987079.9652221,66
1769987079.9652233,2962
1769987079.9652467,2962
1769987079.9647157,1514
1769987079.9760053,66
1769987079.9790936,2962
1769987079.9839678,54
1769987079.9839754,66
1769987079.984475,74
1769987079.9847295,74
1769987079.9854813,66
1769987079.9897666,2962
1769987079.9956875,2962
1769987080.0048962,66
1769987080.0062542,2962
1769987080.0148861,66
1769987080.0150142,2962
1769987080.025652,66
1769987080.0345814,66
1769987080.0346112,2962
1769987080.0346313,66
1769987080.0546975,2962
1769987080.0548499,66
1769987080.0559459,2962
1769987080.0762908,2962
1769987080.0764189,66
1769987080.094364,66
1769987080.0944424,66
1769987080.0944438,2962
1769987080.094507,2962
1769987080.1038065,66
1769987080.1132693,2962
1769987080.1133466,66
1769987080.1224022,2962
1769987080.131823,66
1769987080.1318207,2962
1769987080.1324055,2962
1769987080.1515288,2962
1769987080.1515272,66
1769987080.151573,66
1769987080.1627197,1514
1769987080.171379,2962
1769987080.1714194,66
1769987080.1899786,66
1769987080.1902702,1514
1769987080.200502,2962
1769987080.2005973,66
1769987080.2314777,66
1769987080.2315714,2962
1769987080.2316482,66
1769987080.2416797,2962
1769987080.2416983,66
1769987080.2608542,1514
1769987080.2608864,66
1769987080.2727401,2962
1769987080.27283,66
1769987080.2900174,66
1769987080.2900698,2962
1769987080.2900996,66
1769987080.3088045,66
1769987080.3094938,66
1769987080.314274,2962
1769987080.3143938,66
1769987080.3293703,2962
1769987080.3293984,66
1769987080.3491406,52
1769987080.3491538,2962
1769987080.3491895,66
1769987080.3682919,70
1769987080.3683445,74
1769987080.3684146,74
1769987080.3702555,74
1769987080.3702772,66
1769987080.3702793,66
1769987080.3702805,66
1769987080.370282,78
1769987080.3703442,54
1769987080.3709698,66
1769987080.371575,74
1769987080.3716362,54
1769987080.3719707,54
1769987080.3721814,2962
1769987080.3721988,66
1769987080.3956056,2962
1769987080.3956378,66
1769987080.4107225,2962
1769987080.41085,66
1769987080.431062,2962
1769987080.431093,66
1769987080.449212,1514
1769987080.4493144,66
1769987080.4595795,2962
1769987080.4597192,66
1769987080.4799645,2962
1769987080.4800184,66
1769987080.4991002,66
1769987080.499126,74
1769987080.4991271,66
1769987080.499128,2962
1769987080.4991505,66
1769987080.4991546,66
1769987080.499476,2962
1769987080.5094743,2962
1769987080.5177531,66
1769987080.5182433,2962
1769987080.5288088,2962
1769987080.5374775,66
1769987080.5377793,2962
1769987080.5479589,66
1769987080.5481808,66
1769987080.5508208,2962
1769987080.557017,66
1769987080.557433,74
1769987080.5581553,2962
1769987080.5678768,2962
1769987080.5787363,2962
1769987080.5872955,74
1769987080.5873444,66
1769987080.588247,66
1769987080.5973473,66
1769987080.5973706,66
1769987080.5973716,2962
1769987080.5973995,66
1769987080.6169372,2962
1769987080.616977,66
1769987080.6358056,2962
1769987080.6358376,66
1769987080.6562197,2962
1769987080.6562696,66
1769987080.6743274,66
1769987080.6743774,66
1769987080.6751583,2962
1769987080.675183,66
1769987080.694945,2962
1769987080.6949775,66
1769987080.714461,2962
1769987080.7144904,66
1769987080.7340472,2962
1769987080.7341745,66
1769987080.7518222,2962
1769987080.7518551,66
1769987080.7714584,1514
1769987080.7715144,66
1769987080.7832878,66
1769987080.7836597,2962
1769987080.783668,66
1769987080.8006213,66
1769987080.8006444,2962
1769987080.8006508,2962
1769987080.8100817,2962
1769987080.8200114,54
1769987080.8200448,2962
1769987080.8290784,66
1769987080.8295014,66
1769987080.8390589,66
1769987080.8390973,2962
1769987080.839558,66
1769987080.840155,1514
1769987080.8494763,2962
1769987080.8494756,2962
1769987080.8690479,2962
1769987080.8690305,66
1769987080.8690317,66
1769987080.869173,2962
1769987080.888688,2962
1769987080.8887227,66
1769987080.888899,1514
1769987080.8990695,66
1769987080.8990705,74
1769987080.9074376,66
1769987080.9074838,2962
1769987080.9075778,2962
1769987080.9235127,2962
1769987080.943733,66
1769987080.9437847,2962
1769987080.943776,66
1769987080.9438345,66
1769987080.9541776,66
1769987080.9541848,1514
1769987080.9542317,66
1769987080.9749224,1514
1769987080.9750051,2962
1769987080.975143,66
1769987080.9752927,66
1769987080.9753277,2962
1769987080.9854095,2962
1769987080.996161,2962
1769987081.005624,66
1769987081.015989,2962
1769987081.016022,66
1769987081.0161996,66
1769987081.0261478,1514
1769987081.0324175,2962
1769987081.0324264,66
1769987081.0573976,2962
1769987081.0577295,66
1769987081.9781413,2962
1769987081.9781356,1514
1769987081.9785914,66
1769987081.985027,66
1769987081.9850395,74
1769987081.9955132,2962
1769987081.995539,66
1769987082.0067704,2962
1769987082.0067835,66
1769987082.0262752,2962
1769987082.0263233,66
1769987082.0472507,2962
1769987082.0472963,66
1769987082.1529562,66
1769987082.1529734,2962
1769987082.1530182,66
1769987082.1631293,66
1769987082.1631346,66
1769987082.1631608,2962
1769987082.1636944,1514
1769987082.1726274,2962
1769987082.1729965,2962
1769987082.1924543,2962
1769987082.19245,66
1769987082.1924515,1514
1769987082.201802,2962
1769987082.211587,66
1769987082.2120256,2962
1769987082.2208698,66
1769987082.2222683,66
1769987082.2222698,2962
1769987082.2311602,66
1769987082.2328563,66
1769987082.2330222,2962
1769987082.2414029,66
1769987082.2414675,66
1769987082.2503688,2962
1769987082.2514293,2962
1769987082.2610178,2962
1769987082.270448,66
1769987082.2710118,2962
1769987082.280719,66
1769987082.2807207,66
1769987082.2910204,52
1769987082.2910666,74
1769987082.291068,66
1769987082.2911398,74
1769987082.2911515,2962
1769987082.2916737,66
1769987082.291962,1514
1769987082.3015141,2962
1769987082.3015125,66
1769987082.3015542,2962
1769987082.3210201,2962
1769987082.3210175,66
1769987082.3210592,66
1769987082.340518,2962
1769987082.340739,66
1769987082.3494709,2962
1769987082.3596163,66
1769987082.3596544,66
1769987082.3596132,1514
1769987082.3601124,2962
1769987082.3689182,2962
1769987082.3791971,2962
1769987082.3877335,66
1769987082.3881924,66
1769987082.3886116,2962
1769987082.9669945,66
1769987082.9672256,66
1769987082.9672263,66
1769987082.967227,2962
1769987082.9672892,54
1769987082.9673035,2962
1769987083.9673789,2962
1769987083.9672704,66
1769987083.9673781,74
1769987083.9674728,74
1769987083.9675333,66
1769987083.9757814,2962
1769987084.969041,74
1769987084.9692228,66
1769987084.9692245,1514
1769987084.9702115,1514
1769987084.97019,54
1769987084.970208,54
1769987084.97021,66
1769987084.9702206,66
1769987084.969957,74
1769987084.976985,2962
1769987084.9790645,2962
1769987084.9862852,66
1769987084.9883432,74
1769987084.9984775,2962
1769987084.9985523,66
1769987085.017721,2962
1769987085.0177577,66
1769987085.0287094,2962
1769987085.037093,52
1769987085.0371022,74
1769987085.0379188,74
1769987085.0379548,2962
1769987085.0381813,2962
1769987085.0570967,74
1769987085.0574481,74
1769987085.05782,2962
1769987085.0577948,54
1769987085.0586064,66
1769987085.0586069,54
1769987085.0586076,66
1769987085.0717027,1514
1769987085.0717094,2962
1769987085.0778177,2962
1769987085.092821,66
1769987085.0963674,66
1769987085.0965643,2962
1769987085.0972142,66
1769987085.0972176,2962
1769987085.1103892,66
1769987085.1164238,74
1769987085.1164992,74
1769987085.1168418,2962
1769987085.116853,66
1769987085.136196,66
1769987085.1362455,2962
1769987085.1374786,66
1769987085.1374915,2962
1769987085.1464229,66
1769987085.156222,2962
1769987085.15624,66
1769987085.1605747,2962
1769987085.1754127,66
1769987085.1759012,2962
1769987085.1759198,66
1769987085.1959288,1514
1769987085.1959662,66
1769987085.2048018,2962
1769987085.204835,66
1769987085.209795,2962
1769987085.2199528,2962
1769987085.2239294,1514
1769987085.2340739,2962
1769987085.2397468,66
1769987085.2429187,2962
1769987085.252807,66
1769987085.2533026,66
1769987085.2537506,70
1769987085.2543683,66
1769987085.2547956,54
1769987085.2548013,2962
1769987085.2583268,66
1769987085.2598436,1514
1769987085.2686517,2962
1769987085.2744672,2962
1769987085.287247,66
1769987085.291398,2962
1769987085.2934585,66
1769987085.293695,2962
1769987085.308261,66
1769987085.3131359,2962
1769987085.3132143,66
1769987085.3173392,2962
1769987085.3326128,66
1769987085.33267,2962
1769987085.3327007,66
1769987085.3541236,66
1769987085.3542066,66
1769987085.3542087,2962
1769987085.354264,66
1769987085.3721106,74
1769987085.3722188,74
1769987085.3730767,66
1769987085.3730798,2266
1769987085.3730996,2962
1769987085.384026,66
1769987085.3881438,52
1769987085.3881543,66
1769987085.388838,74
1769987085.3888934,2962
1769987085.3889122,54
1769987085.3889263,66
1769987085.3926637,66
1769987085.408112,66
1769987085.4082289,2266
1769987085.4088104,74
1769987085.408986,54
1769987085.4093735,74
1769987085.4100504,2962
1769987085.4129617,54
1769987085.4133394,74
1769987085.4142413,66
1769987085.4290376,2962
1769987085.429057,66
1769987085.448681,66
1769987085.44875,74
1769987085.4488232,54
1769987085.449219,2962
1769987085.4494019,66
1769987085.9674382,66
1769987085.9675672,74
1769987085.9675682,66
1769987085.9675686,1514
1769987085.9676347,66
1769987085.9676385,66
1769987085.968365,2962
1769987085.968374,66
1769987085.968982,2962
1769987085.9781637,2962
1769987085.9880595,2962
1769987085.997444,2962
1769987086.0068948,66
1769987086.0071304,66
1769987086.007707,54
1769987086.007978,2962
1769987086.0165896,74
1769987086.0170336,66
1769987086.0175345,2962
1769987086.0275471,2962
1769987086.037026,66
1769987086.0379968,66
1769987086.0467536,2962
1769987086.0467634,66
1769987086.0660598,74
1769987086.0660963,54
1769987086.0661418,74
1769987086.0665889,66
1769987086.0670354,2962
1769987086.0670414,66
1769987086.0864422,66
1769987086.0868607,1514
1769987086.086876,66
1769987086.0967963,2962
1769987086.0968235,66
1769987086.0982451,2962
1769987086.1156416,2962
1769987086.1157374,66
1769987086.1347265,66
1769987086.135091,66
1769987086.1357524,2962
1769987086.135874,66
1769987086.155733,66
1769987086.1558526,66
1769987086.1558561,2962
1769987086.155888,66
1769987086.1748366,2962
1769987086.1749017,66
1769987086.1942885,2962
1769987086.194318,66
1769987086.2187266,66
1769987086.2187374,2962
1769987086.2188,66
1769987086.239523,66
1769987086.23953,54
1769987086.239531,2962
1769987086.2396524,66
1769987086.2546387,2962
1769987086.254659,66
1769987086.2724373,66
1769987086.2725813,66
1769987086.2732146,2962
1769987086.2733312,66
1769987086.3013084,66
1769987086.3013186,2962
1769987086.3013837,66
1769987086.332244,66
1769987086.3322577,66
1769987086.332259,2962
1769987086.3323555,66
1769987086.342497,2266
1769987086.3425536,66
1769987086.3732605,66
1769987086.3732765,66
1769987086.373277,52
1769987086.373278,2962
1769987086.3733277,66
1769987086.3733323,66
1769987086.4042747,74
1769987086.4042869,1514
1769987086.4042878,2962
1769987086.4043658,66
1769987086.4043698,66
1769987086.4043722,66
1769987086.4046595,2962
1769987086.4147685,2962
1769987086.4249537,2962
1769987086.4353766,66
1769987086.4353771,66
1769987086.4353776,2962
1769987086.4456189,2962
1769987086.4564512,2962
1769987086.4662318,66
1769987086.4662492,66
1769987086.4662497,66
1769987086.4662502,2962
1769987086.476599,66
1769987086.4767172,2962
1769987086.9741232,2962
1769987086.9741344,2962
1769987086.9835663,66
1769987086.9836447,66
1769987086.9835858,66
1769987086.9837651,66
1769987086.9842753,2962
1769987086.984353,2962
1769987087.0043478,1514
1769987087.0043514,66
1769987087.0043635,66
1769987087.0132394,2962
1769987087.0132506,66
1769987087.0337517,66
1769987087.0337532,2962
1769987087.033769,2962
1769987087.0437014,66
1769987087.0496912,66
1769987087.0538805,2962
1769987087.0542233,66
1769987087.054774,66
1769987087.084915,2962
1769987087.0851357,66
1769987087.105518,2962
1769987087.105604,66
1769987087.1260636,66
1769987087.126108,2962
1769987087.1261377,2962
1769987087.157126,1514
1769987087.1571388,2962
1769987087.1571243,66
1769987087.1572223,66
1769987087.157238,66
1769987087.1882503,2962
1769987087.1883383,66
1769987087.1987102,2962
1769987087.1987429,66
1769987087.2194386,2962
1769987087.21964,66
1769987087.2196734,2962
1769987087.2299964,1514
1769987087.240336,2962
1769987087.2404041,2962
1769987087.2608883,2962
1769987087.2611794,66
1769987087.2612145,66
1769987087.2813776,66
1769987087.2814505,66
1769987087.2814517,2962
1769987087.2814732,2962
1769987087.291489,2962
1769987087.2961373,2962
1769987087.3123116,66
1769987087.3123286,2962
1769987087.322509,66
1769987087.32251,66
1769987087.3225105,66
1769987087.3225112,2962
1769987087.3327403,2962
1769987087.3429716,2962
1769987087.3532708,66
1769987087.3532712,2962
1769987087.3635225,70
1769987087.3635607,2962
1769987087.3738775,2962
1769987087.3737943,2962
1769987087.4050922,66
1769987087.405114,66
1769987087.4051154,2962
1769987087.4050584,2962
1769987087.425414,74
1769987087.4254735,1514
1769987087.4254744,2962
1769987087.4254124,66
1769987087.4254558,66
1769987087.425456,66
1769987087.4254565,66
1769987087.425457,1514
1769987087.4357889,2962
1769987087.446211,66
1769987087.446342,2962
1769987087.446215,66
1769987087.446344,74
1769987087.4467902,66
1769987087.44719,66
1769987087.4477456,2962
1769987087.4666646,2962
1769987087.4674184,2962
1769987087.4866693,66
1769987087.4867015,2962
1769987087.4867065,66
1769987087.4867072,2962
1769987087.503398,2962
1769987087.5062895,2962
1769987087.523015,2962
1769987087.5249481,66
1769987087.5261352,54
1769987087.526136,66
1769987087.5261369,2962
1769987087.5435073,66
1769987087.5435352,1514
1769987087.5464244,2962
1769987087.5528443,2962
1769987087.5646434,66
1769987087.5657778,2962
1769987087.5712075,66
1769987087.5714333,66
1769987087.5722034,2962
1769987087.5843887,1514
1769987087.5920925,2962
1769987087.5950315,66
1769987087.5950384,66
1769987087.5950391,66
1769987087.5953858,66
1769987087.5963974,1514
1769987087.6068435,2962
1769987087.6105378,66
1769987087.6106617,66
1769987087.611461,2962
1769987087.625116,66
1769987087.6251187,2962
1769987087.6307497,2962
1769987087.6444662,2962
1769987087.6509035,66
1769987087.6518853,2962
1769987087.6656766,66
1769987087.6656787,2962
1769987087.6734676,66
1769987087.6735594,66
1769987087.6735609,66
1769987087.673562,66
1769987087.6735632,1514
1769987087.6810684,2962
1769987087.6834488,2962
1769987087.6999927,1514
1769987087.7024329,66
1769987087.7037992,2962
1769987087.7095804,2962
1769987087.7227867,66
1769987087.7227886,66
1769987087.7227895,66
1769987087.7241838,2962
1769987087.7297852,66
1769987087.7297966,2962
1769987087.7444394,66
1769987087.7444406,66
1769987087.7444415,2962
1769987087.7493272,2962
1769987087.7628515,2962
1769987087.7716846,2962
1769987087.781945,66
1769987087.7822685,2962
1769987087.9716034,2962
1769987087.9717522,2962
1769987087.980745,66
1769987087.9808965,66
1769987087.9812279,66
1769987087.9815576,66
1769987087.9816175,66
1769987087.9817617,66
1769987087.982043,2962
1769987087.9821491,66
1769987087.982636,66
1769987087.9831977,1514
1769987087.993732,1514
1769987088.0012877,66
1769987088.0023036,2962
1769987088.0024548,2962
1769987088.0210705,2962
1769987088.0223992,2962
1769987088.0411265,66
1769987088.0411277,66
1769987088.0411286,66
1769987088.0414312,2962
1769987088.0414815,66
1769987088.0414853,2962
1769987088.0603902,66
1769987088.0607824,2962
1769987088.061119,2962
1769987088.0802183,66
1769987088.0808067,66
1769987088.0808215,66
1769987088.0808628,2962
1769987088.0810106,66
1769987088.0813234,2962
1769987088.0998566,66
1769987088.1000588,1514
1769987088.1008453,2962
1769987088.1100147,2962
1769987088.1203625,66
1769987088.120421,1514
1769987088.1297786,66
1769987088.1297805,1514
1769987088.130093,2962
1769987088.1393106,2962
1769987088.149326,66
1769987088.1499865,66
1769987088.1500192,66
1769987088.1505492,2962
1769987088.158152,2962
1769987088.1697087,2962
1769987088.1774733,66
1769987088.178106,66
1769987088.1783876,2962
1769987088.189504,66
1769987088.1895144,2962
1769987088.198423,66
1769987088.1984239,66
1769987088.198425,2962
1769987088.208969,66
1769987088.2089775,66
1769987088.209475,2962
1769987088.2175326,66
1769987088.2185595,66
1769987088.2185655,2962
1769987088.2286224,2962
1769987088.2377625,66
1769987088.2379923,2962
1769987088.2483711,66
1769987088.2484326,2962
1769987088.2574239,74
1769987088.2578702,66
1769987088.2584713,2962
1769987088.267715,66
1769987088.2679975,2962
1769987088.2778199,66
1769987088.2778215,2962
1769987088.2870944,66
1769987088.2876697,2962
1769987088.2970705,66
1769987088.2974298,2962
1769987088.307699,66
1769987088.3077104,2962
1769987088.3168323,2962
1769987088.3274894,2962
1769987088.336016,66
1769987088.3363616,2962
1769987088.345854,66
1769987088.9725745,66
1769987088.9736812,66
1769987088.9736836,66
1769987088.973684,52
1769987088.9736848,66
1769987088.9736855,1514
1769987088.9726095,66
1769987088.973709,66
1769987088.9737093,66
1769987088.97371,1514
1769987088.9760997,2962
1769987088.9760973,2962
1769987088.998088,66
1769987088.9981022,2962
1769987088.998085,66
1769987088.9980993,66
1769987088.9982047,66
1769987089.0173752,66
1769987089.017411,2962
1769987089.0174274,2962
1769987089.0275915,66
1769987089.0380828,2962
1769987089.0382478,66
1769987089.058528,66
1769987089.0585659,66
1769987089.0585668,2962
1769987089.0585887,1514
1769987089.0585976,66
1769987089.072992,66
1769987089.0731294,66
1769987089.0737402,66
1769987089.079004,66
1769987089.0790386,66
1769987089.0790398,2962
1769987089.079061,66
1769987089.0959072,66
1769987089.0959148,2962
1769987089.0959644,66
1769987089.1203256,2962
1769987089.1203656,66
1769987089.9786074,2962
1769987089.9791586,66
1769987089.9791892,74
1769987089.9916244,66
1769987089.9917474,66
1769987089.9917488,2962
1769987089.99191,66
1769987090.0078995,66
1769987090.0084019,2962
1769987090.0084095,66
1769987090.0129945,74
1769987090.027665,2962
1769987090.02771,66
1769987090.0470304,2962
1769987090.047059,66
1769987090.715335,2962
1769987090.7153437,66
1769987090.7155235,70
1769987090.724477,66
1769987090.7248964,66
1769987090.7252946,74
1769987090.725323,54
1769987090.7257452,66
1769987090.7261934,2962
1769987090.7262266,66
1769987090.7296565,74
1769987090.745605,66
1769987090.745871,2962
1769987090.7458777,66
1769987090.765114,2962
1769987090.765156,66
1769987090.7850587,66
1769987090.7851126,66
1769987090.78534,66
1769987090.785671,66
1769987090.7863555,2962
1769987090.7863884,66
1769987090.806208,1514
1769987090.8064127,66
1769987090.8165438,70
1769987090.8166118,2962
1769987090.8166575,66
1769987090.8345883,2962
1769987090.834659,66
1769987090.8540606,2962
1769987090.8540754,66
1769987090.873393,66
1769987090.8734457,66
1769987090.873661,2962
1769987090.8736765,66
1769987090.8928275,2962
1769987090.892855,66
1769987090.9124837,2962
1769987090.9125462,66
1769987090.9315825,74
1769987090.9316354,74
1769987090.9338894,66
1769987090.934012,74
1769987090.934014,66
1769987090.9340172,2962
1769987090.934232,54
1769987090.9342437,66
1769987090.9527464,74
1769987090.9527817,74
1769987090.9527998,54
1769987090.9528148,74
1769987090.9533293,66
1769987090.9540231,1514
1769987090.954042,66
1769987090.9633932,2962
1769987090.9634097,66
1769987090.9828506,66
1769987090.982866,2962
1769987090.9830084,66
1769987090.9830217,66
1769987091.0026045,2962
1769987091.00263,66
1769987091.017846,74
1769987091.0216663,52
1769987091.0217814,1514
1769987091.9729018,2962
1769987091.9729059,74
1769987091.972826,66
1769987091.9728587,74
1769987091.9822752,70
1769987091.9825811,74
1769987091.9826126,66
1769987091.9829748,1514
1769987091.9832904,66
1769987091.9926772,2962
1769987091.9926672,74
1769987091.9927392,66
1769987091.9936805,66
1769987091.9943094,66
1769987092.0130968,1514
1769987092.0235412,2962
1769987092.0235856,66
1769987092.0441654,74
1769987092.0441957,74
1769987092.044197,2962
1769987092.0442452,54
1769987092.0442643,74
1769987092.0442686,66
1769987092.064647,2266
1769987092.0646892,66
1769987092.0779815,2962
1769987092.078022,66
1769987092.0957198,66
1769987092.0957782,2962
1769987092.0957847,66
1769987092.1264718,2962
1769987092.1265807,66
1769987092.4749732,2962
1769987092.4750893,66
1769987092.4841635,2962
1769987092.4841926,66
1769987092.5033376,2962
1769987092.503386,66
1769987092.5229757,1514
1769987092.523029,78
1769987092.5322666,2962
1769987092.5323293,66
1769987092.551762,66
1769987092.5519013,1514
1769987092.5519109,66
1769987092.561582,1514
1769987092.5616302,66
1769987092.571824,2962
1769987092.5718741,66
1769987092.5905843,2962
1769987092.5906005,66
1769987092.6110723,2962
1769987092.6112616,66
1769987092.629684,2962
1769987092.6298597,66
1769987092.6481102,2962
1769987092.6483002,66
1769987092.6673687,54
1769987092.6682918,2962
1769987092.6691453,66
1769987092.6875677,2962
1769987092.687633,66
1769987092.695065,74
1769987092.7062411,66
1769987092.7066185,52
1769987092.7068772,74
1769987092.7069223,66
1769987092.7075183,74
1769987092.7078805,66
1769987092.7083106,66
1769987092.7083569,66
1769987092.7090158,66
1769987092.7090638,66
1769987092.7092175,74
1769987092.7093315,54
1769987092.7096856,2962
1769987092.709698,66
1769987092.7288337,74
1769987092.7288744,54
1769987092.7294745,2962
1769987092.72951,66
1769987092.7485428,2962
1769987092.748565,66
1769987092.7678313,2962
1769987092.7679172,66
1769987092.7885249,66
1769987092.7885993,54
1769987092.7886028,2962
1769987092.7886534,66
1769987092.807337,2962
1769987092.8074188,66
1769987092.827039,54
1769987092.827111,2962
1769987092.8271468,66
1769987092.8462517,2962
1769987092.8463478,66
1769987092.865563,74
1769987092.8656113,1514
1769987092.8656466,74
1769987092.8656552,66
1769987092.8753247,2962
1769987092.8753765,66
1769987092.8949945,2962
1769987092.8950481,66
1769987092.9144785,2962
1769987092.9145021,66
1769987092.933233,2962
1769987092.933326,66
1769987092.952615,1514
1769987092.9526753,66
1769987092.972639,2962
1769987092.9727137,66
1769987092.9733055,66
1769987092.982151,74
1769987092.982191,74
1769987092.9822948,1514
1769987092.9823005,66
1769987092.9919355,2962
1769987092.99204,66
1769987093.0112183,2962
1769987093.0112436,66
1769987093.0306377,2962
1769987093.030723,66
1769987093.051583,2962
1769987093.0517454,66
1769987093.068954,74
1769987093.0690908,66
1769987093.0695455,54
1769987093.0702615,2962
1769987093.0702772,66
1769987093.0705984,2962
1769987093.9734766,2962
1769987093.9733903,2962
1769987093.9835126,2962
1769987093.9835138,2962
1769987094.5160055,2962
1769987094.51602,74
1769987094.516035,66
1769987094.5162096,66
1769987094.51621,2962
1769987094.5326896,2962
1769987094.5326915,66
1769987094.5326998,66
1769987094.5327003,2962
1769987094.5447016,1514
1769987094.5468678,74
1769987094.5479052,74
1769987094.5479057,66
1769987094.5479062,66
1769987094.5545416,2962
1769987094.5545554,66
1769987094.9738214,2962
1769987094.9737887,1514
1769987094.9737976,66
1769987094.9745855,66
1769987094.983284,66
1769987094.983345,2962
1769987094.9833846,66
1769987095.0086148,2962
1769987095.0086994,66
1769987095.021921,2962
1769987095.0223649,66
1769987095.041229,2962
1769987095.0412831,66
1769987095.0611017,2962
1769987095.0611444,66
1769987095.080522,2962
1769987095.080591,66
1769987095.1006696,2962
1769987095.100827,66
1769987095.1186402,2962
1769987095.1187096,66
1769987095.1373706,66
1769987095.138216,1514
1769987095.138295,66
1769987095.1481955,1514
1769987095.1573393,1514
1769987095.1573513,66
1769987095.1665776,2962
1769987095.1665983,66
1769987095.1874807,66
1769987095.1875157,2962
1769987095.1875896,66
1769987095.2055585,2962
1769987095.2055912,66
1769987095.2257078,2962
1769987095.2257514,66
1769987095.2444687,2962
1769987095.2445316,66
1769987095.2632346,66
1769987095.2633867,2962
1769987095.2637384,66
1769987095.2640598,66
1769987095.2652998,66
1769987095.2653136,2962
1769987095.2733185,2962
1769987095.284193,1514
1769987095.2987683,66
1769987095.298773,2962
1769987095.2987669,2962
1769987095.3112931,66
1769987095.3117044,2962
1769987095.3136396,2962
1769987095.3310852,66
1769987095.3310874,66
1769987095.3320086,66
1769987095.3320103,66
1769987095.3324194,2962
1769987095.333229,52
1769987095.333245,2962
1769987095.3523057,2962
1769987095.3525429,66
1769987095.3526123,66
1769987095.3536363,2962
1769987095.3710058,66
1769987095.3713064,54
1769987095.3717,66
1769987095.3719923,2962
1769987095.3724556,66
1769987095.3727663,2962
1769987095.3917243,66
1769987095.3922095,1514
1769987095.4016862,2962
1769987095.4017086,66
1769987095.4211423,66
1769987095.4211938,54
1769987095.421743,2962
1769987095.4217532,66
1769987095.4292026,2962
1769987095.43879,2962
1769987095.4405155,2962
1769987095.4577088,66
1769987095.4599888,2962
1769987095.4600239,66
1769987095.4610283,2962
1769987095.4790652,66
1769987095.4794145,74
1769987095.4795175,66
1769987095.4799256,2962
1769987095.4799354,66
1769987095.4801202,2962
1769987095.4981165,2962
1769987095.4991813,2962
1769987095.5172567,2962
1769987095.5183384,74
1769987095.5193536,2962
1769987095.5369806,1514
1769987095.5389,2962
1769987095.5473983,2962
1769987095.5580385,2962
1769987095.5682175,66
1769987095.5682304,74
1769987095.5682309,66
1769987095.5682316,2962
1769987095.5771124,2962
1769987095.5880575,66
1769987095.5880673,66
1769987095.5880678,66
1769987095.5959363,2962
1769987095.5959435,66
1769987095.61505,66
1769987095.6151237,2962
1769987095.6154776,66
1769987095.616515,66
1769987095.6165166,2962
1769987095.625227,2962
1769987095.6362112,2962
1769987095.976333,2962
1769987095.9763315,2962
1769987095.9855924,66
1769987095.9855762,66
1769987095.985979,1514
1769987095.9859776,2962
1769987096.9770243,66
1769987096.977122,66
1769987096.9771233,2962
1769987096.9770367,66
1769987096.9771266,66
1769987096.977127,2962
1769987096.9881086,66
1769987096.9881094,2962
1769987096.9881105,66
1769987096.9881108,66
1769987096.9881113,74
1769987096.9882822,2962
1769987097.0068257,2962
1769987097.007617,66
1769987097.0081308,74
1769987097.0090237,2962
1769987097.1258576,66
1769987097.1258764,2962
1769987097.1258605,66
1769987097.1258771,74
1769987097.1258776,66
1769987097.1259315,2962
1769987097.9753268,2962
1769987097.974925,66
1769987097.9749458,1514
1769987097.976238,66
1769987097.9823816,74
1769987097.9846442,66
1769987097.984656,2962
1769987097.9848485,1514
1769987097.9945068,2962
1769987097.9950433,66
1769987097.9954526,66
1769987098.0140355,66
1769987098.0140681,2962
1769987098.014533,66
1769987098.0145385,2962
1769987098.02353,66
1769987098.0338473,2962
1769987098.0338805,66
1769987098.0513065,1514
1769987098.05131,2962
1769987098.0535269,2962
1769987098.070069,2962
1769987098.0722907,66
1769987098.0730462,66
1769987098.073167,66
1769987098.0736177,66
1769987098.07403,1514
1769987098.0838163,2962
1769987098.0894089,66
1769987098.0902464,1514
1769987098.0996027,2962
1769987098.1029027,66
1769987098.10333,2962
1769987098.1237555,2962
1769987098.1237395,2962
1769987098.1381536,66
1769987098.1382763,66
1769987098.1386437,2962
1769987098.1417923,2962
1769987098.1579537,66
1769987098.158396,66
1769987098.1588159,2962
1769987098.1615727,66
1769987098.161636,66
1769987098.1621397,66
1769987098.1626673,2962
1769987098.1785715,2962
1769987098.181674,2962
1769987098.1975312,66
1769987098.1979854,2962
1769987098.2007582,2962
1769987098.217442,66
1769987098.2174437,2962
1769987098.2205799,66
1769987098.2205906,66
1769987098.2213824,2962
1769987098.2369452,66
1769987098.2369936,66
1769987098.2376573,2962
1769987098.240782,66
1769987098.240792,2962
1769987098.2567437,2962
1769987098.260983,66
1769987098.2610023,66
1769987098.2610035,74
1769987098.2610052,2962
1769987098.2765894,1514
1769987098.280499,2962
1769987098.2859714,2962
1769987098.3004153,52
1769987098.3004243,66
1769987098.30043,66
1769987098.3010862,2962
1769987098.3050342,66
1769987098.3057222,66
1769987098.3057244,2962
1769987098.3205996,66
1769987098.3206384,2962
1769987098.3255367,54
1769987098.3255384,66
1769987098.3255396,2962
1769987098.3401177,74
1769987098.3401685,66
1769987098.3405118,74
1769987098.3409853,66
1769987098.3418586,74
1769987098.3418598,2962
1769987098.3452692,66
1769987098.3452752,1514
1769987098.3552308,66
1769987098.355232,66
1769987098.3557289,54
1769987098.356492,74
1769987098.3564954,66
1769987098.3569136,66
1769987098.3574688,2962
1769987098.363673,66
1769987098.3641295,2962
1769987098.3766544,2962
1769987098.3812826,74
1769987098.3812914,2962
1769987098.3961399,2962
1769987098.400935,74
1769987098.401,2962
1769987098.4152167,1514
1769987098.4208908,66
1769987098.4211287,2962
1769987098.4249334,2962
1769987098.4411032,66
1769987098.441175,66
1769987098.4411774,2962
1769987098.4439132,66
1769987098.4443784,74
1769987098.4456463,66
1769987098.4463632,2962
1769987098.4599042,66
1769987098.4617026,74
1769987098.4617631,66
1769987098.4617646,66
1769987098.461766,1514
1769987098.4645,2962
1769987098.4723113,2962
1769987098.4841175,74
1769987098.4847157,66
1769987098.4847167,66
1769987098.4850519,66
1769987098.4857254,74
1769987098.4859786,2962
1769987098.9762275,2962
1769987098.9761524,66
1769987098.9762344,2962
1769987098.9886274,2962
1769987098.9884996,66
1769987098.9885976,2962
1769987099.004672,1514
1769987099.0057237,66
1769987099.0062103,66
1769987099.0146568,2962
1769987099.0146646,66
1769987099.0232303,2962
1769987099.033538,66
1769987099.0338893,66
1769987099.0339346,2962
1769987099.034322,74
1769987099.0348277,66
1769987099.0355842,66
1769987099.035587,2962
1769987099.0537293,74
1769987099.0537302,66
1769987099.0537307,74
1769987099.0548618,2962
1769987099.0548692,66
1769987099.979005,66
1769987099.9832315,66
1769987099.9832337,66
1769987099.9832354,2962
1769987099.983268,2962
1769987099.995894,2962
1769987099.9959977,1514
1769987100.0062904,74
1769987100.0063019,74
1769987100.0063024,66
1769987100.0063028,66
1769987100.1284661,2962
1769987100.1284463,74
1769987100.128455,74
1769987100.1291327,66
1769987100.5761924,66
1769987100.5762944,2962
1769987100.5763361,66
1769987100.5770388,2962
1769987100.5858262,66
1769987100.5863862,1514
1769987100.6001568,2962
1769987100.6003458,66
1769987100.615545,2962
1769987100.6155658,66
1769987100.6343105,2962
1769987100.6344051,66
1769987100.6375825,2962
1769987100.6467688,2962
1769987100.6541553,66
1769987100.6541846,66
1769987100.654331,66
1769987100.6549945,66
1769987100.6551938,66
1769987100.655997,66
1769987100.6560605,66
1769987100.6565814,66
1769987100.6568456,2962
1769987100.6729894,66
1769987100.673019,2962
1769987100.6832314,2962
1769987100.687691,2962
1769987100.696143,2962
1769987100.7059247,66
1769987100.7059357,66
1769987100.7059367,2962
1769987100.7146814,2962
1769987100.7255092,66
1769987100.7255104,2962
1769987100.7352319,66
1769987100.7353122,66
1769987100.7353144,2962
1769987100.7453341,2962
1769987100.754256,2962
1769987100.7641535,66
1769987100.7645953,2962
1769987100.773357,2962
1769987100.783505,2962
1769987100.7928083,2962
1769987100.803193,66
1769987100.8032,66
1769987100.8039834,2962
1769987100.811621,66
1769987100.81209,52
1769987100.8123982,66
1769987100.8136544,66
1769987100.81368,66
1769987100.8136806,66
1769987100.8141022,2962
1769987100.823297,1514
1769987100.8324404,2962
1769987100.8335838,2962
1769987100.8520377,66
1769987100.852146,2962
1769987100.8528311,2962
1769987100.8808537,66
1769987100.880968,2962
1769987100.880851,66
1769987100.8809671,2962
1769987100.8916147,66
1769987100.8916132,66
1769987100.8916533,66
1769987100.8919787,66
1769987100.8919773,2962
1769987100.8923182,2962
1769987100.9121423,66
1769987100.912175,2962
1769987100.9121377,66
1769987100.9121394,66
1769987100.9121404,2962
1769987100.931209,66
1769987100.9311888,66
1769987100.9327018,2962
1769987100.932699,66
1769987100.9327002,2962
1769987100.9511333,2962
1769987100.9516604,66
1769987100.951661,66
1769987100.9703126,2962
1769987100.9703279,66
1769987100.9897254,66
1769987100.9897316,2962
1769987100.9897447,2962
1769987100.9993858,1514
1769987101.0086625,66
1769987101.0090327,66
1769987101.0090308,2962
1769987101.0098968,66
1769987101.009901,66
1769987101.0109868,52
1769987101.010992,2962
1769987101.0281227,2962
1769987101.0298488,2962
1769987101.0566273,66
1769987101.056639,2962
1769987101.056626,66
1769987101.0566382,66
1769987101.0567076,66
1769987101.0692039,2962
1769987101.069226,66
1769987101.0879989,66
1769987101.088751,1514
1769987101.0983248,66
1769987101.0984035,2962
1769987101.0985522,74
1769987101.0992901,2962
1769987101.1086159,2962
1769987101.1182377,2962
1769987101.1267457,54
1769987101.1271558,66
1769987101.127585,66
1769987101.1380146,66
1769987101.1380255,2962
1769987101.1380856,2962
1769987101.147453,2962
1769987101.157437,66
1769987101.1574998,74
1769987101.1580832,66
1769987101.1583617,66
1769987101.158807,2962
1769987101.1664531,66
1769987101.1672833,2962
1769987101.1786387,66
1769987101.1786997,1514
1769987101.1863062,2962
1769987101.1880589,2962
1769987101.2053769,2962
1769987101.207473,66
1769987101.2076886,66
1769987101.2085395,2962
1769987101.2258406,54
1769987101.2258544,66
1769987101.225855,2962
1769987101.2287421,66
1769987101.2287717,2962
1769987101.2446938,66
1769987101.2452447,66
1769987101.2457936,66
1769987101.245941,2962
1769987101.247306,2962
1769987101.2846158,66
1769987101.2847006,2962
1769987101.2846127,66
1769987101.2846987,2962
1769987101.2942076,66
1769987101.2941916,66
1769987101.2947068,66
1769987101.2947054,1514
1769987101.2951171,66
1769987101.29572,2962
1769987101.3049047,2962
1769987101.3150246,66
1769987101.315035,2962
1769987101.3255618,66
1769987101.325582,74
1769987101.3255832,1514
1769987101.3339741,2962
1769987101.3352358,2962
1769987101.3538377,66
1769987101.3538284,66
1769987101.3538303,2962
1769987101.3544,2962
1769987101.3743565,2962
1769987101.3743522,66
1769987101.3743532,66
1769987101.3743541,66
1769987101.374386,66
1769987101.3932202,2962
1769987101.3939388,66
1769987101.396752,2962
1769987101.4136639,2962
1769987101.4136913,66
1769987101.4346619,66
1769987101.4347665,2962
1769987101.4349065,66
1769987101.450798,66
1769987101.4508524,2962
1769987101.4511523,2962
1769987101.4605546,66
1769987101.4707892,66
1769987101.470898,2962
1769987101.4709413,66
1769987101.4905024,1514
1769987101.49054,66
1769987101.500059,2962
1769987101.50009,66
1769987101.5188544,2962
1769987101.5188835,66
1769987101.5380769,66
1769987101.5386536,66
1769987101.5393636,1514
1769987101.539388,66
1769987101.549911,66
1769987101.5499923,2962
1769987101.5500524,2962
1769987101.5594373,66
1769987101.5684676,2962
1769987101.5685422,66
1769987101.5887792,2962
1769987101.5889487,66
1769987101.6069684,66
1769987101.6070595,66
1769987101.607158,2962
1769987101.608641,66
1769987101.6086454,66
1769987101.6086473,66
1769987101.608894,2962
1769987101.622736,2962
1769987101.6280982,2962
1769987101.6439507,1514
1769987101.645535,66
1769987101.645595,66
1769987101.6475787,2962
1769987101.647655,66
1769987101.6743705,66
1769987101.6743858,2962
1769987101.6743903,66
1769987101.6947203,66
1769987101.694762,2962
1769987101.6947877,66
1769987101.7156982,66
1769987101.715775,2962
1769987101.7158241,66
1769987101.7259016,2962
1769987101.726003,66
1769987101.7468266,2962
1769987101.7468472,66
1769987101.7689245,66
1769987101.7689376,66
1769987101.768938,66
1769987101.7689388,74
1769987101.7689397,2962
1769987101.768995,74
1769987101.768999,66
1769987101.7881556,66
1769987101.7881668,66
1769987101.7881677,2962
1769987101.7881908,66
1769987101.809067,1514
1769987101.8195288,2962
1769987101.8195834,66
1769987101.9745731,66
1769987101.974581,74
1769987101.9745817,2962
1769987101.9746318,66
1769987101.9746346,66
1769987101.9774733,2962
1769987101.9856715,66
1769987101.9856815,2962
1769987101.986862,2962
1769987102.0063598,2962
1769987102.0063627,2962
1769987102.976441,66
1769987102.976669,2962
1769987102.976444,66
1769987102.9766705,2962
1769987102.991742,66
1769987102.9917793,2962
1769987102.991743,66
1769987102.99178,66
1769987102.9917805,74
1769987102.991781,2962
1769987103.9519796,2962
1769987103.9519856,66
1769987103.9521074,66
1769987103.9553769,74
1769987103.961153,66
1769987103.9619038,2962
1769987103.96191,66
1769987103.98757,66
1769987103.987572,2962
1769987103.9875827,66
1769987103.9875853,66
1769987104.0011146,2962
1769987104.0013826,66
1769987104.0199184,1514
1769987104.0199904,66
1769987104.0293686,2962
1769987104.0294018,66
1769987104.0492346,66
1769987104.049309,1514
1769987104.0493255,66
1769987104.058554,2962
1769987104.0585876,66
1769987104.0784957,2962
1769987104.0785773,66
1769987104.0972164,66
1769987104.0975854,2962
1769987104.097597,66
1769987104.1181655,66
1769987104.1182048,66
1769987104.1182058,66
1769987104.1182065,2962
1769987104.118289,66
1769987104.1182933,66
1769987104.137357,2962
1769987104.137461,66
1769987104.1564553,1514
1769987104.1564944,66
1769987104.1661272,2962
1769987104.166166,66
1769987104.1856024,2962
1769987104.1857245,66
1769987104.2046313,2962
1769987104.2046952,66
1769987104.224755,2962
1769987104.2248242,66
1769987104.2430015,66
1769987104.2435338,2962
1769987104.2435436,66
1769987104.263437,2962
1769987104.2635834,66
1769987104.2819917,2962
1769987104.2820206,66
1769987104.3053331,2962
1769987104.3053796,66
1769987104.3211145,2962
1769987104.3212783,66
1769987104.3399198,2962
1769987104.3399913,66
1769987104.9759982,1514
1769987104.9762738,2962
1769987104.9762778,66
1769987104.9765885,74
1769987104.9855185,66
1769987104.9855561,2962
1769987104.9859426,66
1769987104.9866848,66
1769987104.9867017,2962
1769987104.9963257,2962
1769987105.0060668,66
1769987105.0064645,2962
1769987105.0151374,66
1769987105.0153093,74
1769987105.0176775,2962
1769987105.0268838,52
1769987105.026891,2962
1769987105.035285,66
1769987105.0358078,66
1769987105.0453367,2962
1769987105.0453575,66
1769987105.0494976,2962
1769987105.0597043,2962
1769987105.064571,66
1769987105.066239,66
1769987105.0662503,2962
1769987105.079025,66
1769987105.085292,2962
1769987105.085305,66
1769987105.0983498,2962
1769987105.1038806,2962
1769987105.1075785,2962
1769987105.123404,2962
1769987105.127819,66
1769987105.12782,66
1769987105.1319544,2962
1769987105.1429546,2962
1769987105.1472707,66
1769987105.161546,52
1769987105.1619806,74
1769987105.1620526,74
1769987105.1625404,74
1769987105.1625962,74
1769987105.1630838,2962
1769987105.1630933,66
1769987105.1651907,2962
1769987105.1744065,1514
1769987105.1896284,2962
1769987105.1896513,66
1769987105.201186,74
1769987105.2012508,54
1769987105.2022357,2962
1769987105.2023187,66
1769987105.2219875,2962
1769987105.2221534,66
1769987105.2403054,2962
1769987105.240322,66
1769987105.2598379,2962
1769987105.259904,66
1769987105.279294,2962
1769987105.2793524,66
1769987105.2984731,74
1769987105.2985353,2962
1769987105.298579,74
1769987105.298749,66
1769987105.3190289,2962
1769987105.3193183,66
1769987105.3374043,2962
1769987105.337424,66
1769987105.3561456,2962
1769987105.3561776,66
1769987105.37579,2962
1769987105.3758779,66
1769987105.395151,2962
1769987105.395216,66
1769987105.4137683,2962
1769987105.4137936,66
1769987105.433055,2962
1769987105.4330804,66
1769987105.4524093,66
1769987105.4525082,2962
1769987105.454851,66
1769987105.4548604,2962
1769987105.4618309,2962
1769987105.4727552,2962
1769987105.4815736,2962
1769987105.4919531,66
1769987105.4919617,1514
1769987105.5003593,66
1769987105.5008485,66
1769987105.5012314,2962
1769987105.5108047,1514
1769987105.9795675,74
1769987105.9802847,74
1769987105.9802868,2962
1769987105.9795873,66
1769987105.9802928,66
1769987105.980317,74
1769987105.980345,74
1769987105.9803505,66
1769987105.9892912,66
1769987105.9973993,66
1769987105.9974186,74
1769987105.997419,2962
1769987105.9974446,2962
1769987106.008057,66
1769987106.0081215,66
1769987106.008122,2962
1769987106.0179343,74
1769987106.0179448,74
1769987106.0179455,66
1769987106.0179465,2962
1769987106.0283442,2962
1769987106.9710503,2962
1769987106.9710627,54
1769987106.9717386,54
1769987106.9717398,2962
1769987106.982317,66
1769987106.9823463,66
1769987106.9823482,2962
1769987106.9823241,66
1769987106.9823499,66
1769987106.9823503,74
1769987106.9826841,74
1769987106.98578,2962
1769987107.002323,1514
1769987107.0023081,2962
1769987107.0125709,66
1769987107.0126395,2962
1769987107.0214968,66
1769987107.0218651,74
1769987107.0228922,66
1769987107.0228937,66
1769987107.029761,2962
1769987107.0298924,66
1769987107.0300004,2962
1769987107.9165993,2962
1769987107.916592,2962
1769987107.9882393,66
1769987107.988305,74
1769987107.9883063,66
1769987107.988308,2962
1769987107.9880877,66
1769987107.9882379,2962
1769987108.9817169,66
1769987108.9822323,2962
1769987108.9817152,2962
1769987108.9911292,74
1769987108.991576,1514
1769987108.9915605,66
1769987108.992071,74
1769987108.9929917,66
1769987108.9929926,66
1769987109.0014443,2962
1769987109.0015867,66
1769987109.0309703,2962
1769987109.0311391,66
1769987109.0370176,74
1769987109.0397367,2962
1769987109.0401037,2962
1769987109.0488687,66
1769987109.0602615,66
1769987109.0603569,2962
1769987109.0603762,66
1769987109.0793245,66
1769987109.079856,2962
1769987109.0798678,66
1769987109.0987923,2962
1769987109.0989282,66
1769987109.0989485,2962
1769987109.1086035,1514
1769987109.118196,2962
1769987109.1182687,2962
1769987109.1372118,2962
1769987109.137395,66
1769987109.1377819,66
1769987109.1578913,1514
1769987109.1579282,66
1769987109.1662204,2962
1769987109.1662297,66
1769987109.9838395,2962
1769987109.9839642,66
1769987109.984007,2962
1769987109.996465,2962
1769987109.9986644,66
1769987109.998999,2962
1769987110.0126379,2962
1769987110.0128374,1514
1769987110.0228355,74
1769987110.0228407,66
1769987110.0240145,66
1769987110.0357723,2962
1769987110.0358305,66
1769987110.0517306,2962
1769987110.0517802,66
1769987110.070807,2962
1769987110.070898,66
1769987110.0896115,2962
1769987110.089647,66
1769987110.110399,66
1769987110.110549,66
1769987110.110551,66
1769987110.1105533,1514
1769987110.1106048,2962
1769987110.1201959,2962
1769987110.120348,2962
1769987110.1394458,1514
1769987110.139843,66
1769987110.1399388,66
1769987110.1399605,66
1769987110.1492894,2962
1769987110.1494706,66
1769987110.1655056,2962
1769987110.168254,2962
1769987110.179291,66
1769987110.1909225,66
1769987110.1910758,1514
1769987110.191118,2962
1769987110.1981697,2962
1769987110.2002697,66
1769987110.200689,66
1769987110.2166567,66
1769987110.2166824,1514
1769987110.2169032,74
1769987110.2169225,66
1769987110.2172382,2962
1769987110.2172449,66
1769987110.236598,66
1769987110.2366617,2962
1769987110.2368805,52
1769987110.2374735,66
1769987110.2376754,2962
1769987110.2460015,66
1769987110.2568583,66
1769987110.2569683,2962
1769987110.2573352,66
1769987110.2584035,66
1769987110.258465,2962
1769987110.2665865,66
1769987110.2774441,66
1769987110.277813,66
1769987110.2778425,2962
1769987110.2782671,66
1769987110.2786155,2962
1769987110.2873673,66
1769987110.2978978,2962
1769987110.2979524,66
1769987110.3182828,66
1769987110.318322,66
1769987110.3183231,2962
1769987110.318344,66
1769987110.3199036,2962
1769987110.329495,2962
1769987110.3385375,66
1769987110.3387039,66
1769987110.3387063,2962
1769987110.3491101,66
1769987110.3579714,66
1769987110.3579836,2962
1769987110.3580027,66
1769987110.377841,2962
1769987110.3779118,66
1769987110.390995,2962
1769987110.396462,66
1769987110.397456,2962
1769987110.4002066,2962
1769987110.4218907,66
1769987110.4237995,52
1769987110.4238007,66
1769987110.4238014,66
1769987110.4238021,66
1769987110.4238026,2962
1769987110.4238188,66
1769987110.442558,2962
1769987110.4425943,66
1769987110.463305,2962
1769987110.4633877,66
1769987110.466276,2962
1769987110.4763672,66
1769987110.4763954,1514
1769987110.4763918,2962
1769987110.494554,66
1769987110.494606,74
1769987110.494607,2962
1769987110.4946337,78
1769987110.4954011,54
1769987110.4955165,54
1769987110.4983351,66
1769987110.515232,2962
1769987110.515302,66
1769987110.9873793,1514
1769987110.9874268,66
1769987110.987428,66
1769987110.9875505,66
1769987110.9876122,1514
1769987110.9880838,66
1769987110.988277,2962
1769987110.988286,66
1769987111.982442,1514
1769987111.9834483,74
1769987111.9834526,2962
1769987111.983755,66
1769987111.9839003,74
1769987111.9853034,74
1769987111.98608,66
1769987112.0029802,74
1769987112.003166,1514
1769987112.004473,66
1769987112.0116494,74
1769987112.0116825,74
1769987112.013373,66
1769987112.0133748,66
1769987112.0133758,2962
1769987112.013391,66
1769987112.0139358,66
1769987112.0318255,2962
1769987112.0320969,66
1769987112.0514653,1514
1769987112.0514898,78
1769987112.0613496,66
1769987112.0613604,74
1769987112.0613892,2962
1769987112.062243,2962
1769987112.0706537,54
1769987112.0713863,66
1769987112.0814307,74
1769987112.0814443,2962
1769987112.0814643,54
1769987112.0814705,66
1769987112.1007361,66
1769987112.1012588,2962
1769987112.1012948,66
1769987112.1212294,66
1769987112.121312,2962
1769987112.1213534,66
1769987112.142576,66
1769987112.1427543,2962
1769987112.1427968,66
1769987112.1595936,2962
1769987112.1596417,66
1769987112.178812,66
1769987112.179248,2962
1769987112.1792634,66
1769987112.1984575,2962
1769987112.198501,66
1769987112.2180896,66
1769987112.218148,2962
1769987112.2181897,66
1769987112.2378092,66
1769987112.2378628,66
1769987112.2379231,2962
1769987112.238221,1514
1769987112.2476025,2962
1769987112.2478044,2962
1769987112.2667575,66
1769987112.266772,66
1769987112.2672575,66
1769987112.2672627,66
1769987112.2675097,66
1769987112.2677364,2962
1769987112.2679245,2962
1769987112.2876484,2962
1769987112.2876456,2962
1769987112.3066747,66
1769987112.306763,2962
1769987112.3066678,66
1769987112.3066704,66
1769987112.3072653,2962
1769987112.3285635,66
1769987112.328567,2962
1769987112.3285685,66
1769987112.3286214,2962
1769987112.3492954,2962
1769987112.349298,66
1769987112.3493257,66
1769987112.9820225,2962
1769987112.9824798,66
1769987112.9825256,2962
1769987112.993156,66
1769987112.9932337,66
1769987112.9932346,2962
1769987112.9932232,2962
1769987113.0121112,1514
1769987113.01215,74
1769987113.0121505,66
1769987113.0121515,74
1769987113.0136123,66
1769987113.0215523,2962
1769987113.0215993,66
1769987113.0331674,74
1769987113.0375912,66
1769987113.0375948,74
1769987113.0390537,2962
1769987113.0401018,66
1769987113.04051,66
1769987113.040929,1514
1769987113.0485382,1514
1769987113.0540087,2962
1769987113.0578406,2962
1769987113.0698369,2962
1769987113.077155,66
1769987113.077591,66
1769987113.0779312,66
1769987113.0891256,2962
1769987113.0891871,66
1769987113.1054223,2962
1769987113.113927,2962
1769987113.1146808,2962
1769987113.983677,74
1769987113.9839096,74
1769987113.9839108,2962
1769987113.9836853,66
1769987113.9839392,74
1769987113.9839585,54
1769987113.9839606,66
1769987114.9829407,52
1769987114.983772,2962
1769987114.984173,66
1769987114.984402,74
1769987114.9929423,2962
1769987114.9929729,66
1769987115.012316,74
1769987115.0123565,54
1769987115.0129404,2962
1769987115.0129793,66
1769987115.0170376,74
1769987115.0318763,2962
1769987115.0319707,66
1769987115.0516274,66
1769987115.0516384,54
1769987115.0516849,2962
1769987115.0525591,66
1769987115.052596,2962
1769987115.0611947,66
1769987115.0718474,66
1769987115.0719054,2962
1769987115.0722926,74
1769987115.0731792,74
1769987115.0731905,54
1769987115.073192,2962
1769987115.0811553,74
1769987115.0816174,74
1769987115.0821085,66
1769987115.0926363,74
1769987115.09272,54
1769987115.0929735,74
1769987115.0930135,74
1769987115.093651,2962
1769987115.0936716,66
1769987115.1005409,2962
1769987115.1101148,2962
1769987115.1128454,2962
1769987115.1294105,66
1769987115.1327975,2962
1769987115.1328673,66
1769987115.1511364,74
1769987115.1511786,74
1769987115.1519246,2962
1769987115.1519458,66
1769987115.1709504,2962
1769987115.1709704,66
1769987115.1912792,66
1769987115.1913354,2962
1769987115.1913803,1514
1769987115.1914105,66
1769987115.2098713,66
1769987115.2104619,2962
1769987115.2104876,66
1769987115.9964628,2962
1769987115.9984024,66
1769987116.0084584,2962
1769987116.0090866,66
1769987116.018279,74
1769987116.0212042,74
1769987116.0250149,66
1769987116.0254898,2962
1769987116.0254984,66
1769987116.045422,66
1769987116.0454345,66
1769987116.045436,2962
1769987116.045459,66
1769987116.0656276,66
1769987116.0656304,2962
1769987116.0656571,66
1769987116.0844064,2962
1769987116.084484,66
1769987116.1039495,66
1769987116.1039672,2962
1769987116.1040068,66
1769987116.1053762,74
1769987116.1249812,52
1769987116.1249871,2962
1769987116.124997,66
1769987116.14307,66
1769987116.1430795,2962
1769987116.1431177,66
1769987116.1624146,54
1769987116.1629848,66
1769987116.1630092,54
1769987116.1633158,66
1769987116.164321,2962
1769987116.1643353,66
1769987116.1732292,74
1769987116.1834502,74
1769987116.1834574,2962
1769987116.1834722,54
1769987116.1834776,66
1769987116.2026558,66
1769987116.2031078,54
1769987116.2033303,74
1769987116.2033532,54
1769987116.2039511,2962
1769987116.2039564,66
1769987116.2237206,66
1769987116.223745,74
1769987116.2237828,54
1769987116.2239385,2962
1769987116.2239459,66
1769987116.24392,66
1769987116.2439582,74
1769987116.24396,74
1769987116.2440143,74
1769987116.24402,54
1769987116.2451603,66
1769987116.2451632,52
1769987116.2453709,74
1769987116.2454784,74
1769987116.2458167,54
1769987116.2461388,1514
1769987116.246156,66
1769987116.2568743,2962
1769987116.2570887,66
1769987116.2750652,2962
1769987116.2751718,66
1769987116.29469,2962
1769987116.2948668,66
1769987116.3136258,2962
1769987116.3136594,66
1769987116.3331745,74
1769987116.3331928,2962
1769987116.3332543,54
1769987116.33331,66
1769987116.3526409,74
1769987116.3527803,74
1769987116.3537357,74
1769987116.353738,66
1769987116.35374,2962
1769987116.3537688,74
1769987116.35378,66
1769987116.372949,2962
1769987116.3729618,66
1769987116.3923151,1514
1769987116.3923733,66
1769987116.4026144,2962
1769987116.4026783,66
1769987116.4216464,2962
1769987116.4217033,66
1769987116.4439445,66
1769987116.4441183,54
1769987116.4441195,54
1769987116.4441202,54
1769987116.444121,74
1769987116.4441216,66
1769987116.4441226,74
1769987116.4441233,54
1769987116.4441242,1514
1769987116.4442608,74
1769987116.444272,54
1769987116.4442773,66
1769987116.4543638,2962
1769987116.4546952,66
1769987116.4724166,66
1769987116.4727428,2962
1769987116.4727573,66
1769987116.4921427,54
1769987116.4925559,2962
1769987116.4926798,66
1769987116.511688,1514
1769987116.5117211,66
1769987116.5268939,66
1769987116.5269158,2962
1769987116.5269608,66
1769987116.530369,66
1769987116.5411334,66
1769987116.541235,66
1769987116.5412757,2962
1769987116.5412853,66
1769987116.568983,74
1769987116.5690248,2962
1769987116.569057,66
1769987116.5690699,66
1769987116.5698748,2962
1769987116.9815323,74
1769987116.9820046,2962
1769987116.9822128,2962
1769987117.0064828,1514
1769987117.0067334,2962
1769987117.0064807,2962
1769987117.9873018,2962
1769987117.9872954,66
1769987117.9873827,74
1769987117.9873834,66
1769987117.9873838,66
1769987117.9873848,2962
1769987118.000906,2962
1769987118.0009096,2962
1769987118.0160437,2962
1769987118.0181162,74
1769987118.018787,74
1769987118.0187879,74
1769987118.0187883,66
1769987118.0192325,66
1769987118.0196276,74
1769987118.0213428,66
1769987118.0355008,1514
1769987118.035536,66
1769987118.0446327,2962
1769987118.0446765,66
1769987118.063839,74
1769987118.0639005,74
1769987118.0649726,54
1769987118.0649827,2962
1769987118.06503,66
1769987118.08476,54
1769987118.084806,2962
1769987118.0848436,66
1769987118.1036487,54
1769987118.1037278,2962
1769987118.103748,66
1769987118.121987,1514
1769987118.1229928,74
1769987118.1230602,54
1769987118.1236243,2962
1769987118.1236432,66
1769987118.1430688,2962
1769987118.1432014,66
1769987118.1623929,2962
1769987118.1626234,66
1769987118.1814234,2962
1769987118.1814992,66
1769987118.2011383,2962
1769987118.201194,66
1769987118.2205234,2962
1769987118.2206264,66
1769987118.2389119,2962
1769987118.2389572,66
1769987118.2587209,2962
1769987118.2588325,66
1769987118.278244,2962
1769987118.2784934,66
1769987118.2966504,66
1769987118.297038,2962
1769987118.2970479,66
1769987118.3164017,2962
1769987118.316472,66
1769987118.3360338,54
1769987118.3360362,66
1769987118.3363342,2962
1769987118.3363433,66
1769987118.360791,2962
1769987118.3610442,66
1769987118.3753092,1514
1769987118.3847914,66
1769987118.3848221,1514
1769987118.394488,2962
1769987118.3945386,66
1769987118.4138384,2962
1769987118.413859,66
1769987118.4337623,2962
1769987118.4337916,66
1769987118.4543533,66
1769987118.4543664,66
1769987118.4543674,2962
1769987118.4545393,2962
1769987118.467165,2962
1769987118.4772968,66
1769987118.477306,2962
1769987118.9839618,66
1769987118.983972,54
1769987118.9839735,2962
1769987118.9839609,66
1769987118.983971,2962
1769987118.9947016,66
1769987118.9947026,1514
1769987118.9935033,2962
1769987119.0040648,2962
1769987119.0139878,66
1769987119.0139887,66
1769987119.01399,2962
1769987119.0243998,2962
1769987119.9908805,52
1769987119.9913986,2962
1769987119.9908364,66
1769987119.9913945,74
1769987119.991395,2962
1769987120.0007522,66
1769987120.0011466,2962
1769987120.0011497,66
1769987120.0016727,66
1769987120.0020304,66
1769987120.00643,74
1769987120.0089247,74
1769987120.015368,2962
1769987120.0212996,2962
1769987120.0246181,2962
1769987120.0396044,1514
1769987120.0438204,66
1769987120.044319,66
1769987120.0493555,2962
1769987120.0494177,66
1769987120.068689,2962
1769987120.0687037,66
1769987120.0820365,2962
1769987120.0876732,2962
1769987120.0917547,66
1769987120.106777,74
1769987120.1068091,54
1769987120.1075168,66
1769987120.1075442,2962
1769987120.1077988,2962
1769987120.116748,66
1769987120.127486,66
1769987120.1274967,2962
1769987120.1275265,66
1769987120.1469088,2962
1769987120.1470444,66
1769987120.1662037,74
1769987120.1663961,2962
1769987120.1664343,74
1769987120.1664448,66
1769987120.187626,2962
1769987120.1876683,66
1769987120.2086618,2962
1769987120.208833,66
1769987120.2251248,54
1769987120.2252278,74
1769987120.2252302,2962
1769987120.2252653,54
1769987120.2252746,66
1769987120.245156,2962
1769987120.2453117,66
1769987120.2637248,2962
1769987120.263845,66
1769987120.2826197,2962
1769987120.2826881,66
1769987120.3024235,2962
1769987120.3025198,66
1769987120.3211255,2962
1769987120.321147,66
1769987120.340283,1514
1769987120.3403385,66
1769987120.3502023,2962
1769987120.350262,66
1769987120.3706799,2962
1769987120.370901,66
1769987120.3887472,2962
1769987120.388884,66
1769987120.4081385,66
1769987120.4084084,66
1769987120.4084122,1514
1769987120.4084525,2962
1769987120.4178357,2962
1769987120.4182436,2962
1769987120.4375255,66
1769987120.4373882,66
1769987120.4373891,66
1769987120.4384615,66
1769987120.438472,2962
1769987120.438459,2962
1769987120.4569561,1514
1769987120.457921,66
1769987120.4579782,2962
1769987120.466894,2962
1769987120.477139,66
1769987120.4774928,2962
1769987120.486365,66
1769987120.486366,2962
1769987120.4969094,74
1769987120.4975255,2962
1769987120.5054226,66
1769987120.5064197,2962
1769987120.5168922,2962
1769987120.525251,66
1769987120.5258348,54
1769987120.5258353,66
1769987120.5263991,2962
1769987120.5356798,2962
1769987120.5463028,66
1769987120.546305,66
1769987120.553781,2962
1769987120.5553515,52
1769987120.5554266,1514
1769987120.5658257,74
1769987120.5658817,66
1769987120.5658827,2962
1769987120.56587,2962
1769987120.5853367,66
1769987120.5853856,2962
1769987120.585306,66
1769987120.5853071,54
1769987120.5858424,66
1769987120.5862188,66
1769987120.5869763,2954
1769987120.6051934,2962
1769987120.6056154,1522
1769987120.6157362,2962
1769987120.6246295,2962
1769987120.6350555,66
1769987120.6357303,66
1769987120.6434963,2962
1769987120.6435695,66
1769987120.6624737,1514
1769987120.672102,74
1769987120.6722097,74
1769987120.672871,2962
1769987120.6728857,66
1769987120.6919084,66
1769987120.6920319,2962
1769987120.6922197,66
1769987120.6926,2962
1769987120.7014513,2962
1769987120.7121723,2962
1769987120.7205255,66
1769987120.7208126,66
1769987120.7317774,2962
1769987120.731872,66
1769987120.752132,2962
1769987120.752246,66
1769987120.76975,74
1769987120.7698624,74
1769987120.77142,2962
1769987120.7720895,66
1769987120.7772684,74
1769987120.7894328,2962
1769987120.7894955,66
1769987120.8109238,74
1769987120.8109367,2962
1769987120.8111522,66
1769987120.8113165,2962
1769987120.8207445,2962
1769987120.8285842,2962
1769987120.8420238,2962
1769987120.8475153,2962
1769987120.8599308,66
1769987120.8599322,66
1769987120.8615375,2962
1769987120.8666964,2962
1769987120.8805895,66
1769987120.8805923,2962
1769987120.8861442,2962
1769987120.898944,66
1769987120.8994029,66
1769987120.9052408,54
1769987120.905689,2962
1769987120.9057093,66
1769987120.9247673,2962
1769987120.9248629,66
1769987120.9444807,1514
1769987120.9445117,66
1769987120.9537048,2962
1769987120.9537394,66
1769987120.9729722,66
1769987120.9730618,2962
1769987120.9732847,66
1769987120.9738715,66
1769987120.974184,66
1769987120.9746232,66
1769987120.9751978,2962
1769987120.9821684,2962
1769987120.9942513,2962
1769987121.0017521,2962
1769987121.021165,66
1769987121.0212007,2962
1769987121.0211709,66
1769987121.0212016,66
1769987121.0216403,2962
1769987121.9893658,2962
1769987121.989362,74
1769987121.9894438,74
1769987121.9895806,66
1769987121.9892652,66
1769987122.002152,66
1769987122.0021648,2962
1769987122.002233,1514
1769987122.0022452,66
1769987122.0208712,2962
1769987122.0209055,66
1769987122.0376716,2962
1769987122.037678,66
1769987122.98567,2962
1769987122.985838,66
1769987122.9864287,1514
1769987122.994791,66
1769987122.9952402,66
1769987122.9957108,2962
1769987122.9957283,66
1769987123.004715,74
1769987123.0151892,66
1769987123.0154076,2962
1769987123.015421,66
1769987123.0347748,2962
1769987123.0348604,66
1769987123.0543294,66
1769987123.0543354,66
1769987123.0551941,2962
1769987123.0552185,66
1769987123.0741694,2962
1769987123.0742407,66
1769987123.093198,2962
1769987123.093244,66
